symbol,timestamp,open,high,low,close,volume
BTCUSDT,2026-01-01T05:00:00Z,100,100.5,99.5,100,100
BTCUSDT,2026-01-01T06:00:00Z,101.986693307951,102.49662677449,101.476759841411,101.986693307951,100
BTCUSDT,2026-01-01T07:00:00Z,103.894183423087,104.413654340202,103.374712505971,103.894183423087,100
BTCUSDT,2026-01-01T08:00:00Z,105.64642473395,106.17465685762,105.118192610281,105.64642473395,100
BTCUSDT,2026-01-01T09:00:00Z,107.173560908995,107.70942871354,106.63769310445,107.173560908995,100
BTCUSDT,2026-01-01T10:00:00Z,108.414709848079,108.956783397319,107.872636298839,108.414709848079,100
BTCUSDT,2026-01-01T11:00:00Z,109.320390859672,109.866992813971,108.773788905374,109.320390859672,100
BTCUSDT,2026-01-01T12:00:00Z,109.854497299885,110.403769786384,109.305224813385,109.854497299885,100
BTCUSDT,2026-01-01T13:00:00Z,109.995736030415,110.545714710567,109.445757350263,109.995736030415,100
BTCUSDT,2026-01-01T14:00:00Z,109.738476308782,110.287168690326,109.189783927238,109.738476308782,100
BTCUSDT,2026-01-01T15:00:00Z,109.092974268257,109.638439139598,108.547509396916,109.092974268257,100
BTCUSDT,2026-01-01T16:00:00Z,108.084964038196,108.625388858387,107.544539218005,108.084964038196,100
BTCUSDT,2026-01-01T17:00:00Z,106.754631805512,107.288404964539,106.220858646484,106.754631805512,100
BTCUSDT,2026-01-01T18:00:00Z,105.155013718215,105.680788786806,104.629238649624,105.155013718215,100
BTCUSDT,2026-01-01T19:00:00Z,103.349881501559,103.866630909067,102.833132094051,103.349881501559,100
BTCUSDT,2026-01-01T20:00:00Z,101.411200080599,101.918256081002,100.904144080196,101.411200080599,100
BTCUSDT,2026-01-01T21:00:00Z,99.4162585657242,99.9133398585528,98.9191772728956,99.4162585657242,100
BTCUSDT,2026-01-01T22:00:00Z,97.4445889797317,97.9318119246303,96.957366034833,97.4445889797317,100
BTCUSDT,2026-01-01T23:00:00Z,95.5747955670515,96.0526695448867,95.0969215892162,95.5747955670515,100
BTCUSDT,2026-01-02T00:00:00Z,93.8814210905728,94.3508281960257,93.41201398512,93.8814210905728,100
BTCUSDT,2026-01-02T01:00:00Z,92.4319750469207,92.8941349221553,91.9698151716861,92.4319750469207,100
BTCUSDT,2026-01-02T02:00:00Z,91.2842422758641,91.7406634872434,90.8278210644848,91.2842422758641,100
BTCUSDT,2026-01-02T03:00:00Z,90.4839792611048,90.9363991574103,90.0315593647993,90.4839792611048,100
BTCUSDT,2026-01-02T04:00:00Z,90.0630899636654,90.5134054134837,89.612774513847,90.0630899636654,100
BTCUSDT,2026-01-02T05:00:00Z,90.0383539116416,90.4885456811998,89.5881621420834,90.0383539116416,100
BTCUSDT,2026-01-02T06:00:00Z,90.4107572533686,90.8628110396354,89.9587034671018,90.4107572533686,100
BTCUSDT,2026-01-02T07:00:00Z,91.1654534427985,91.6212807100124,90.7096261755845,91.1654534427985,100
BTCUSDT,2026-01-02T08:00:00Z,92.2723551244401,92.7337169000623,91.8109933488179,92.2723551244401,100
BTCUSDT,2026-01-02T09:00:00Z,93.6873336212768,94.1557702893832,93.2188969531704,93.6873336212768,100
BTCUSDT,2026-01-02T10:00:00Z,95.3539782058624,95.8307480968917,94.8772083148331,95.3539782058624,100
BTCUSDT,2026-01-02T11:00:00Z,97.2058450180107,97.6918742431008,96.7198157929207,97.2058450180107,100
BTCUSDT,2026-01-02T12:00:00Z,99.169105971825,99.6649515016841,98.6732604419659,99.169105971825,100
BTCUSDT,2026-01-02T13:00:00Z,101.165492048505,101.671319508747,100.659664588262,101.165492048505,100
BTCUSDT,2026-01-02T14:00:00Z,103.115413635134,103.630990703309,102.599836566958,103.115413635134,100
BTCUSDT,2026-01-02T15:00:00Z,104.941133511386,105.465839178943,104.416427843829,104.941133511386,100
BTCUSDT,2026-01-02T16:00:00Z,106.569865987188,107.102715317124,106.037016657252,106.569865987188,100
BTCUSDT,2026-01-02T17:00:00Z,107.936678638492,108.476362031684,107.396995245299,107.936678638492,100
BTCUSDT,2026-01-02T18:00:00Z,108.987080958116,109.532016362907,108.442145553326,108.987080958116,100
BTCUSDT,2026-01-02T19:00:00Z,109.679196720315,110.227592703916,109.130800736713,109.679196720315,100
BTCUSDT,2026-01-02T20:00:00Z,109.985433453746,110.535360621015,109.435506286477,109.985433453746,100
BTCUSDT,2026-01-02T21:00:00Z,109.893582466234,110.443050378565,109.344114553903,109.893582466234,100
BTCUSDT,2026-01-02T22:00:00Z,109.407305566798,109.954342094632,108.860269038964,109.407305566798,100
BTCUSDT,2026-01-02T23:00:00Z,108.545989080883,109.088719026287,108.003259135478,108.545989080883,100
BTCUSDT,2026-01-03T00:00:00Z,107.343970978741,107.880690833635,106.807251123847,107.343970978741,100
BTCUSDT,2026-01-03T01:00:00Z,105.849171928918,106.378417788562,105.319926069273,105.849171928918,100
BTCUSDT,2026-01-03T02:00:00Z,104.121184852418,104.64179077668,103.600578928155,104.121184852418,100
BTCUSDT,2026-01-03T03:00:00Z,102.228899141002,102.740043636707,101.717754645297,102.228899141002,100
BTCUSDT,2026-01-03T04:00:00Z,100.247754254534,100.748993025806,99.7465154832609,100.247754254534,100
BTCUSDT,2026-01-03T05:00:00Z,98.2567321877702,98.748015848709,97.7654485268313,98.2567321877702,100
BTCUSDT,2026-01-03T06:00:00Z,96.3352087074807,96.8168847510181,95.8535326639433,96.3352087074807,100
BTCUSDT,2026-01-03T07:00:00Z,94.5597888911063,95.0325878355618,94.0869899466508,94.5597888911063,100
BTCUSDT,2026-01-03T08:00:00Z,93.0012531240646,93.4662593896849,92.5362468584443,93.0012531240646,100
BTCUSDT,2026-01-03T09:00:00Z,91.7217353091435,92.1803439856892,91.2631266325977,91.7217353091435,100
BTCUSDT,2026-01-03T10:00:00Z,90.7722457838719,91.2261070127913,90.3183845549526,90.7722457838719,100
BTCUSDT,2026-01-03T11:00:00Z,90.1906376993351,90.6415908878318,89.7396845108384,90.1906376993351,100
BTCUSDT,2026-01-03T12:00:00Z,90.000097934493,90.4500984241654,89.5500974448205,90.000097934493,100
BTCUSDT,2026-01-03T13:00:00Z,90.2082227084868,90.6592638220293,89.7571815949444,90.2082227084868,100
BTCUSDT,2026-01-03T14:00:00Z,90.8067147433532,91.26074831707,90.3526811696365,90.8067147433532,100
BTCUSDT,2026-01-03T15:00:00Z,91.7717140503129,92.2305726205645,91.3128554800613,91.7717140503129,100
BTCUSDT,2026-01-03T16:00:00Z,93.0647491522288,93.5300728979899,92.5994254064676,93.0647491522288,100
BTCUSDT,2026-01-03T17:00:00Z,94.6342708199956,95.1074421740956,94.1610994658957,94.6342708199956,100
BTCUSDT,2026-01-03T18:00:00Z,96.4177071776317,96.8997957135199,95.9356186417436,96.4177071776317,100
BTCUSDT,2026-01-03T19:00:00Z,98.3439582455169,98.8356780367445,97.8522384542893,98.3439582455169,100
BTCUSDT,2026-01-03T20:00:00Z,100.336230472211,100.837911624572,99.8345493198503,100.336230472211,100
BTCUSDT,2026-01-03T21:00:00Z,102.315098251015,102.82667374227,101.80352275976,102.315098251015,100
BTCUSDT,2026-01-03T22:00:00Z,104.201670368266,104.722678720108,103.680662016425,104.201670368266,100
BTCUSDT,2026-01-03T23:00:00Z,105.920735147072,106.450338822808,105.391131471337,105.920735147072,100
BTCUSDT,2026-01-04T00:00:00Z,107.403758899524,107.940777694022,106.866740105027,107.403758899524,100
BTCUSDT,2026-01-04T01:00:00Z,108.591618148565,109.134576239308,108.048660057822,108.591618148565,100
BTCUSDT,2026-01-04T02:00:00Z,109.436956694441,109.984141477913,108.889771910969,109.436956694441,100
BTCUSDT,2026-01-04T03:00:00Z,109.906073556949,110.455603924733,109.356543189164,109.906073556949,100
BTCUSDT,2026-01-04T04:00:00Z,109.980266527164,110.530167859799,109.430365194528,109.980266527164,100
BTCUSDT,2026-01-04T05:00:00Z,109.656577765493,110.20486065432,109.108294876665,109.656577765493,100
BTCUSDT,2026-01-04T06:00:00Z,108.947911721405,109.492651280012,108.403172162798,108.947911721405,100
BTCUSDT,2026-01-04T07:00:00Z,107.882520673753,108.421933277122,107.343108070384,107.882520673753,100
BTCUSDT,2026-01-04T08:00:00Z,106.502878401571,107.035392793579,105.970364009563,106.502878401571,100
BTCUSDT,2026-01-04T09:00:00Z,104.863986888538,105.388306822981,104.339666954095,104.863986888538,100
BTCUSDT,2026-01-04T10:00:00Z,103.031183567457,103.546339485294,102.51602764962,103.031183567457,100
BTCUSDT,2026-01-04T11:00:00Z,101.077536522994,101.582924205609,100.572148840379,101.077536522994,100
BTCUSDT,2026-01-04T12:00:00Z,99.0809314977232,99.5763361552118,98.5855268402346,99.0809314977232,100
BTCUSDT,2026-01-04T13:00:00Z,97.1209668333493,97.6065716675161,96.6353619991826,97.1209668333493,100
BTCUSDT,2026-01-04T14:00:00Z,95.2757801360153,95.7521590366954,94.7994012353353,95.2757801360153,100
BTCUSDT,2026-01-04T15:00:00Z,93.6189331765205,94.0870278424031,93.1508385106379,93.6189331765205,100
BTCUSDT,2026-01-04T16:00:00Z,92.216479214657,92.6775616107303,91.7553968185837,92.216479214657,100
BTCUSDT,2026-01-04T17:00:00Z,91.124329664185,91.5799513125059,90.668708015864,91.124329664185,100
BTCUSDT,2026-01-04T18:00:00Z,90.3860250812044,90.8379552066104,89.9340949557984,90.3860250812044,100
BTCUSDT,2026-01-04T19:00:00Z,90.030999339584,90.4811543362819,89.5808443428861,90.030999339584,100
BTCUSDT,2026-01-04T20:00:00Z,90.0734061952937,90.5237732262701,89.6230391643172,90.0734061952937,100
BTCUSDT,2026-01-04T21:00:00Z,90.5115550208188,90.9641127959228,90.0589972457147,90.5115550208188,100
BTCUSDT,2026-01-04T22:00:00Z,91.3279782051442,91.7846180961699,90.8713383141185,91.3279782051442,100
BTCUSDT,2026-01-04T23:00:00Z,92.4901275322832,92.9525781699446,92.0276768946218,92.4901275322832,100
BTCUSDT,2026-01-05T00:00:00Z,93.9516717759372,94.4214301348168,93.4819134170575,93.9516717759372,100
BTCUSDT,2026-01-05T01:00:00Z,95.654343779281,96.1326154981774,95.1760720603846,95.654343779281,100
BTCUSDT,2026-01-05T02:00:00Z,97.5302633826338,98.0179146995469,97.0426120657206,97.5302633826338,100
BTCUSDT,2026-01-05T03:00:00Z,99.5046435912163,100.002166809172,99.0071203732602,99.5046435912163,100
BTCUSDT,2026-01-05T04:00:00Z,101.49877209663,102.006265957113,100.991278236146,101.49877209663,100
BTCUSDT,2026-01-05T05:00:00Z,103.433149288199,103.95031503464,102.915983541758,103.433149288199,100
BTCUSDT,2026-01-05T06:00:00Z,105.230657651577,105.756810939835,104.704504363319,105.230657651577,100
BTCUSDT,2026-01-05T07:00:00Z,106.819636200681,107.353734381685,106.285538019678,106.819636200681,100
BTCUSDT,2026-01-05T08:00:00Z,108.136737375071,108.677421061946,107.596053688196,108.136737375071,100
BTCUSDT,2026-01-05T09:00:00Z,109.129452507276,109.675099769813,108.58380524474,109.129452507276,100
BTCUSDT,2026-01-05T10:00:00Z,109.75820517767,110.306996203558,109.209414151781,109.75820517767,100
BTCUSDT,2026-01-05T11:00:00Z,109.997929001427,110.547918646434,109.44793935642,109.997929001427,100
BTCUSDT,2026-01-05T12:00:00Z,109.839066946186,110.388262280917,109.289871611455,109.839066946186,100
BTCUSDT,2026-01-05T13:00:00Z,109.287952340772,109.834392102476,108.741512579069,109.287952340772,100
BTCUSDT,2026-01-05T14:00:00Z,108.366556385361,108.908389167287,107.824723603434,108.366556385361,100
BTCUSDT,2026-01-05T15:00:00Z,107.11161222906,107.647170290205,106.576054167915,107.11161222906,100
BTCUSDT,2026-01-05T16:00:00Z,105.573150535177,106.101016287852,105.045284782501,105.573150535177,100
BTCUSDT,2026-01-05T17:00:00Z,103.812504916549,104.331567441132,103.293442391967,103.812504916549,100
BTCUSDT,2026-01-05T18:00:00Z,101.899866757954,102.409366091744,101.390367424165,101.899866757954,100
BTCUSDT,2026-01-05T19:00:00Z,99.911486907096,100.411044341631,99.4119294725605,99.911486907096,100
BTCUSDT,2026-01-05T20:00:00Z,97.9266357939324,98.4162689729021,97.4370026149627,97.9266357939324,100
BTCUSDT,2026-01-05T21:00:00Z,96.0244431687857,96.5045653846296,95.5443209529417,96.0244431687857,100
BTCUSDT,2026-01-05T22:00:00Z,94.2807434489044,94.7521471661489,93.8093397316598,94.2807434489044,100
BTCUSDT,2026-01-05T23:00:00Z,92.7650524395576,93.2288777017553,92.3012271773598,92.7650524395576,100
BTCUSDT,2026-01-06T00:00:00Z,91.5377959582483,91.9954849380395,91.0801069784571,91.5377959582483,100
BTCUSDT,2026-01-06T01:00:00Z,90.6479008480546,91.1011403522949,90.1946613438143,90.6479008480546,100
BTCUSDT,2026-01-06T02:00:00Z,90.1308444187935,90.5814986408875,89.6801901966995,90.1308444187935,100
BTCUSDT,2026-01-06T03:00:00Z,90.0072400786337,90.4572762790269,89.5572038782406,90.0072400786337,100
BTCUSDT,2026-01-06T04:00:00Z,90.2820155425614,90.7334256202742,89.8306054648486,90.2820155425614,100
